filepath,label
/content/drive/MyDrive/Talk Events/AIT/2023/pytorch-image/images-small/bird/struthio_camelus_s_000349.png,0
/content/drive/MyDrive/Talk Events/AIT/2023/pytorch-image/images-small/dog/maltese_dog_s_000569.png,1
/content/drive/MyDrive/Talk Events/AIT/2023/pytorch-image/images-small/frog/rana_clamitans_s_000500.png,2
/content/drive/MyDrive/Talk Events/AIT/2023/pytorch-image/images-small/dog/mutt_s_000257.png,1
/content/drive/MyDrive/Talk Events/AIT/2023/pytorch-image/images-small/bird/sparrow_s_001664.png,0
/content/drive/MyDrive/Talk Events/AIT/2023/pytorch-image/images-small/bird/rhea_s_000160.png,0
/content/drive/MyDrive/Talk Events/AIT/2023/pytorch-image/images-small/bird/ostrich_s_002449.png,0
/content/drive/MyDrive/Talk Events/AIT/2023/pytorch-image/images-small/frog/toad_frog_s_000354.png,2
/content/drive/MyDrive/Talk Events/AIT/2023/pytorch-image/images-small/frog/spadefoot_s_000801.png,2
/content/drive/MyDrive/Talk Events/AIT/2023/pytorch-image/images-small/dog/puppy_s_002465.png,1
/content/drive/MyDrive/Talk Events/AIT/2023/pytorch-image/images-small/bird/ostrich_s_002619.png,0
/content/drive/MyDrive/Talk Events/AIT/2023/pytorch-image/images-small/frog/spadefoot_s_000278.png,2
/content/drive/MyDrive/Talk Events/AIT/2023/pytorch-image/images-small/frog/bufo_debilis_s_000002.png,2
/content/drive/MyDrive/Talk Events/AIT/2023/pytorch-image/images-small/bird/bird_s_001541.png,0
/content/drive/MyDrive/Talk Events/AIT/2023/pytorch-image/images-small/bird/passerine_s_001569.png,0
/content/drive/MyDrive/Talk Events/AIT/2023/pytorch-image/images-small/bird/meadow_pipit_s_000265.png,0
/content/drive/MyDrive/Talk Events/AIT/2023/pytorch-image/images-small/bird/nandu_s_001643.png,0
/content/drive/MyDrive/Talk Events/AIT/2023/pytorch-image/images-small/bird/alauda_arvensis_s_000093.png,0
/content/drive/MyDrive/Talk Events/AIT/2023/pytorch-image/images-small/frog/toad_s_002860.png,2
/content/drive/MyDrive/Talk Events/AIT/2023/pytorch-image/images-small/dog/maltese_dog_s_000710.png,1
/content/drive/MyDrive/Talk Events/AIT/2023/pytorch-image/images-small/frog/rana_catesbeiana_s_001587.png,2
/content/drive/MyDrive/Talk Events/AIT/2023/pytorch-image/images-small/dog/domestic_dog_s_000004.png,1
/content/drive/MyDrive/Talk Events/AIT/2023/pytorch-image/images-small/dog/japanese_spaniel_s_000179.png,1
/content/drive/MyDrive/Talk Events/AIT/2023/pytorch-image/images-small/dog/maltese_s_001148.png,1
/content/drive/MyDrive/Talk Events/AIT/2023/pytorch-image/images-small/dog/blenheim_spaniel_s_000729.png,1
/content/drive/MyDrive/Talk Events/AIT/2023/pytorch-image/images-small/bird/wagtail_s_002018.png,0
/content/drive/MyDrive/Talk Events/AIT/2023/pytorch-image/images-small/dog/domestic_dog_s_001413.png,1
/content/drive/MyDrive/Talk Events/AIT/2023/pytorch-image/images-small/bird/accentor_s_000496.png,0
/content/drive/MyDrive/Talk Events/AIT/2023/pytorch-image/images-small/frog/natterjack_s_000111.png,2
/content/drive/MyDrive/Talk Events/AIT/2023/pytorch-image/images-small/dog/toy_s_000073.png,1
/content/drive/MyDrive/Talk Events/AIT/2023/pytorch-image/images-small/bird/alauda_arvensis_s_000891.png,0
/content/drive/MyDrive/Talk Events/AIT/2023/pytorch-image/images-small/bird/dromaius_novaehollandiae_s_000187.png,0
/content/drive/MyDrive/Talk Events/AIT/2023/pytorch-image/images-small/frog/bufo_calamita_s_000227.png,2
/content/drive/MyDrive/Talk Events/AIT/2023/pytorch-image/images-small/frog/bufo_bufo_s_000474.png,2
/content/drive/MyDrive/Talk Events/AIT/2023/pytorch-image/images-small/bird/bird_s_001393.png,0
/content/drive/MyDrive/Talk Events/AIT/2023/pytorch-image/images-small/dog/pekingese_s_001403.png,1
/content/drive/MyDrive/Talk Events/AIT/2023/pytorch-image/images-small/frog/alytes_obstetricans_s_000008.png,2
/content/drive/MyDrive/Talk Events/AIT/2023/pytorch-image/images-small/frog/bufo_americanus_s_000568.png,2
/content/drive/MyDrive/Talk Events/AIT/2023/pytorch-image/images-small/bird/struthio_camelus_s_001237.png,0
/content/drive/MyDrive/Talk Events/AIT/2023/pytorch-image/images-small/bird/bird_s_001121.png,0
/content/drive/MyDrive/Talk Events/AIT/2023/pytorch-image/images-small/bird/honey_eater_s_001512.png,0
/content/drive/MyDrive/Talk Events/AIT/2023/pytorch-image/images-small/bird/passerine_s_000355.png,0
/content/drive/MyDrive/Talk Events/AIT/2023/pytorch-image/images-small/frog/rana_temporaria_s_001267.png,2
/content/drive/MyDrive/Talk Events/AIT/2023/pytorch-image/images-small/bird/dunnock_s_001481.png,0
/content/drive/MyDrive/Talk Events/AIT/2023/pytorch-image/images-small/bird/accentor_s_001058.png,0
/content/drive/MyDrive/Talk Events/AIT/2023/pytorch-image/images-small/dog/blenheim_spaniel_s_000730.png,1
/content/drive/MyDrive/Talk Events/AIT/2023/pytorch-image/images-small/dog/mutt_s_000678.png,1
/content/drive/MyDrive/Talk Events/AIT/2023/pytorch-image/images-small/dog/mutt_s_000600.png,1
/content/drive/MyDrive/Talk Events/AIT/2023/pytorch-image/images-small/bird/bird_s_001350.png,0
/content/drive/MyDrive/Talk Events/AIT/2023/pytorch-image/images-small/bird/meadow_pipit_s_000461.png,0
/content/drive/MyDrive/Talk Events/AIT/2023/pytorch-image/images-small/bird/sparrow_s_002100.png,0
/content/drive/MyDrive/Talk Events/AIT/2023/pytorch-image/images-small/frog/american_toad_s_000874.png,2
/content/drive/MyDrive/Talk Events/AIT/2023/pytorch-image/images-small/bird/alauda_arvensis_s_000028.png,0
/content/drive/MyDrive/Talk Events/AIT/2023/pytorch-image/images-small/frog/bufo_calamita_s_000305.png,2
/content/drive/MyDrive/Talk Events/AIT/2023/pytorch-image/images-small/bird/alauda_arvensis_s_001268.png,0
/content/drive/MyDrive/Talk Events/AIT/2023/pytorch-image/images-small/dog/king_charles_spaniel_s_000218.png,1
/content/drive/MyDrive/Talk Events/AIT/2023/pytorch-image/images-small/bird/ostrich_s_002530.png,0
/content/drive/MyDrive/Talk Events/AIT/2023/pytorch-image/images-small/bird/honey_eater_s_000556.png,0
/content/drive/MyDrive/Talk Events/AIT/2023/pytorch-image/images-small/dog/puppy_s_001407.png,1
/content/drive/MyDrive/Talk Events/AIT/2023/pytorch-image/images-small/dog/japanese_spaniel_s_000651.png,1
/content/drive/MyDrive/Talk Events/AIT/2023/pytorch-image/images-small/dog/peke_s_000777.png,1
/content/drive/MyDrive/Talk Events/AIT/2023/pytorch-image/images-small/frog/bufo_microscaphus_s_000006.png,2
/content/drive/MyDrive/Talk Events/AIT/2023/pytorch-image/images-small/dog/dog_s_000737.png,1
/content/drive/MyDrive/Talk Events/AIT/2023/pytorch-image/images-small/frog/toad_s_001392.png,2
/content/drive/MyDrive/Talk Events/AIT/2023/pytorch-image/images-small/bird/gamecock_s_000076.png,0
/content/drive/MyDrive/Talk Events/AIT/2023/pytorch-image/images-small/bird/cassowary_s_001393.png,0
/content/drive/MyDrive/Talk Events/AIT/2023/pytorch-image/images-small/dog/dog_s_001292.png,1
/content/drive/MyDrive/Talk Events/AIT/2023/pytorch-image/images-small/dog/maltese_dog_s_001641.png,1
/content/drive/MyDrive/Talk Events/AIT/2023/pytorch-image/images-small/bird/bird_s_000444.png,0
/content/drive/MyDrive/Talk Events/AIT/2023/pytorch-image/images-small/frog/grass_frog_s_000231.png,2
/content/drive/MyDrive/Talk Events/AIT/2023/pytorch-image/images-small/bird/passerine_s_001528.png,0
/content/drive/MyDrive/Talk Events/AIT/2023/pytorch-image/images-small/dog/chihuahua_s_000077.png,1
/content/drive/MyDrive/Talk Events/AIT/2023/pytorch-image/images-small/bird/wagtail_s_000932.png,0
/content/drive/MyDrive/Talk Events/AIT/2023/pytorch-image/images-small/bird/cassowary_s_001480.png,0
/content/drive/MyDrive/Talk Events/AIT/2023/pytorch-image/images-small/bird/nandu_s_001081.png,0
/content/drive/MyDrive/Talk Events/AIT/2023/pytorch-image/images-small/dog/pekinese_s_000057.png,1
/content/drive/MyDrive/Talk Events/AIT/2023/pytorch-image/images-small/frog/bufo_americanus_s_000209.png,2
/content/drive/MyDrive/Talk Events/AIT/2023/pytorch-image/images-small/bird/sparrow_s_002506.png,0
/content/drive/MyDrive/Talk Events/AIT/2023/pytorch-image/images-small/bird/sparrow_s_001857.png,0
/content/drive/MyDrive/Talk Events/AIT/2023/pytorch-image/images-small/dog/pekingese_s_002766.png,1
/content/drive/MyDrive/Talk Events/AIT/2023/pytorch-image/images-small/dog/mutt_s_001693.png,1
/content/drive/MyDrive/Talk Events/AIT/2023/pytorch-image/images-small/bird/cassowary_s_000292.png,0
/content/drive/MyDrive/Talk Events/AIT/2023/pytorch-image/images-small/bird/honey_eater_s_000605.png,0
/content/drive/MyDrive/Talk Events/AIT/2023/pytorch-image/images-small/bird/prunella_modularis_s_000857.png,0
/content/drive/MyDrive/Talk Events/AIT/2023/pytorch-image/images-small/bird/ostrich_s_002163.png,0
/content/drive/MyDrive/Talk Events/AIT/2023/pytorch-image/images-small/frog/bufo_bufo_s_001036.png,2
/content/drive/MyDrive/Talk Events/AIT/2023/pytorch-image/images-small/bird/lark_s_001830.png,0
/content/drive/MyDrive/Talk Events/AIT/2023/pytorch-image/images-small/frog/bufo_s_000105.png,2
/content/drive/MyDrive/Talk Events/AIT/2023/pytorch-image/images-small/bird/passerine_s_001495.png,0
/content/drive/MyDrive/Talk Events/AIT/2023/pytorch-image/images-small/frog/cascades_frog_s_000060.png,2
/content/drive/MyDrive/Talk Events/AIT/2023/pytorch-image/images-small/dog/blenheim_spaniel_s_000232.png,1
/content/drive/MyDrive/Talk Events/AIT/2023/pytorch-image/images-small/dog/maltese_s_001616.png,1
/content/drive/MyDrive/Talk Events/AIT/2023/pytorch-image/images-small/frog/bufo_bufo_s_000840.png,2
/content/drive/MyDrive/Talk Events/AIT/2023/pytorch-image/images-small/dog/chihuahua_s_000109.png,1
/content/drive/MyDrive/Talk Events/AIT/2023/pytorch-image/images-small/frog/tarahumara_frog_s_000064.png,2
/content/drive/MyDrive/Talk Events/AIT/2023/pytorch-image/images-small/bird/struthio_camelus_s_000889.png,0
/content/drive/MyDrive/Talk Events/AIT/2023/pytorch-image/images-small/bird/emu_s_000072.png,0
/content/drive/MyDrive/Talk Events/AIT/2023/pytorch-image/images-small/frog/american_toad_s_000597.png,2
/content/drive/MyDrive/Talk Events/AIT/2023/pytorch-image/images-small/bird/accentor_s_001067.png,0
/content/drive/MyDrive/Talk Events/AIT/2023/pytorch-image/images-small/bird/bird_s_000103.png,0
/content/drive/MyDrive/Talk Events/AIT/2023/pytorch-image/images-small/dog/pekingese_s_001291.png,1
/content/drive/MyDrive/Talk Events/AIT/2023/pytorch-image/images-small/bird/struthio_camelus_s_000982.png,0
/content/drive/MyDrive/Talk Events/AIT/2023/pytorch-image/images-small/frog/bullfrog_s_000004.png,2
/content/drive/MyDrive/Talk Events/AIT/2023/pytorch-image/images-small/dog/pekingese_s_001625.png,1
/content/drive/MyDrive/Talk Events/AIT/2023/pytorch-image/images-small/bird/nandu_s_001825.png,0
/content/drive/MyDrive/Talk Events/AIT/2023/pytorch-image/images-small/frog/toad_s_000483.png,2
/content/drive/MyDrive/Talk Events/AIT/2023/pytorch-image/images-small/dog/domestic_dog_s_000289.png,1
/content/drive/MyDrive/Talk Events/AIT/2023/pytorch-image/images-small/bird/ostrich_s_001425.png,0
/content/drive/MyDrive/Talk Events/AIT/2023/pytorch-image/images-small/dog/english_toy_spaniel_s_001167.png,1
/content/drive/MyDrive/Talk Events/AIT/2023/pytorch-image/images-small/bird/accentor_s_000504.png,0
/content/drive/MyDrive/Talk Events/AIT/2023/pytorch-image/images-small/dog/japanese_spaniel_s_001121.png,1
/content/drive/MyDrive/Talk Events/AIT/2023/pytorch-image/images-small/frog/pickerel_frog_s_000483.png,2
/content/drive/MyDrive/Talk Events/AIT/2023/pytorch-image/images-small/bird/passerine_s_001451.png,0
/content/drive/MyDrive/Talk Events/AIT/2023/pytorch-image/images-small/frog/alytes_obstetricans_s_000473.png,2
/content/drive/MyDrive/Talk Events/AIT/2023/pytorch-image/images-small/bird/cassowary_s_001134.png,0
/content/drive/MyDrive/Talk Events/AIT/2023/pytorch-image/images-small/bird/emu_s_002345.png,0
/content/drive/MyDrive/Talk Events/AIT/2023/pytorch-image/images-small/dog/japanese_spaniel_s_000021.png,1
/content/drive/MyDrive/Talk Events/AIT/2023/pytorch-image/images-small/dog/japanese_spaniel_s_001399.png,1
/content/drive/MyDrive/Talk Events/AIT/2023/pytorch-image/images-small/bird/alauda_arvensis_s_001291.png,0
/content/drive/MyDrive/Talk Events/AIT/2023/pytorch-image/images-small/frog/spadefoot_s_000151.png,2
/content/drive/MyDrive/Talk Events/AIT/2023/pytorch-image/images-small/dog/toy_s_000509.png,1
/content/drive/MyDrive/Talk Events/AIT/2023/pytorch-image/images-small/bird/bird_s_002322.png,0
/content/drive/MyDrive/Talk Events/AIT/2023/pytorch-image/images-small/bird/cassowary_s_000178.png,0
/content/drive/MyDrive/Talk Events/AIT/2023/pytorch-image/images-small/dog/pekingese_s_001733.png,1
/content/drive/MyDrive/Talk Events/AIT/2023/pytorch-image/images-small/bird/cassowary_s_001273.png,0
/content/drive/MyDrive/Talk Events/AIT/2023/pytorch-image/images-small/dog/puppy_s_000909.png,1
/content/drive/MyDrive/Talk Events/AIT/2023/pytorch-image/images-small/bird/hen_s_000067.png,0
/content/drive/MyDrive/Talk Events/AIT/2023/pytorch-image/images-small/dog/king_charles_spaniel_s_000307.png,1
/content/drive/MyDrive/Talk Events/AIT/2023/pytorch-image/images-small/bird/emu_s_000540.png,0
/content/drive/MyDrive/Talk Events/AIT/2023/pytorch-image/images-small/bird/prunella_modularis_s_000085.png,0
/content/drive/MyDrive/Talk Events/AIT/2023/pytorch-image/images-small/frog/leopard_frog_s_000559.png,2
/content/drive/MyDrive/Talk Events/AIT/2023/pytorch-image/images-small/bird/ostrich_s_000487.png,0
/content/drive/MyDrive/Talk Events/AIT/2023/pytorch-image/images-small/dog/lapdog_s_001819.png,1
/content/drive/MyDrive/Talk Events/AIT/2023/pytorch-image/images-small/bird/ostrich_s_001968.png,0
/content/drive/MyDrive/Talk Events/AIT/2023/pytorch-image/images-small/frog/leopard_frog_s_002117.png,2
/content/drive/MyDrive/Talk Events/AIT/2023/pytorch-image/images-small/frog/bufo_microscaphus_s_000067.png,2
/content/drive/MyDrive/Talk Events/AIT/2023/pytorch-image/images-small/dog/pekingese_s_000260.png,1
/content/drive/MyDrive/Talk Events/AIT/2023/pytorch-image/images-small/frog/bufo_bufo_s_001697.png,2
/content/drive/MyDrive/Talk Events/AIT/2023/pytorch-image/images-small/dog/chihuahua_s_000035.png,1
/content/drive/MyDrive/Talk Events/AIT/2023/pytorch-image/images-small/bird/ostrich_s_000872.png,0
/content/drive/MyDrive/Talk Events/AIT/2023/pytorch-image/images-small/bird/pipit_s_001542.png,0
/content/drive/MyDrive/Talk Events/AIT/2023/pytorch-image/images-small/dog/puppy_s_001776.png,1
/content/drive/MyDrive/Talk Events/AIT/2023/pytorch-image/images-small/dog/chihuahua_s_001095.png,1
/content/drive/MyDrive/Talk Events/AIT/2023/pytorch-image/images-small/bird/cassowary_s_002076.png,0
/content/drive/MyDrive/Talk Events/AIT/2023/pytorch-image/images-small/bird/lark_s_000214.png,0
/content/drive/MyDrive/Talk Events/AIT/2023/pytorch-image/images-small/bird/meadow_pipit_s_000392.png,0
/content/drive/MyDrive/Talk Events/AIT/2023/pytorch-image/images-small/bird/honey_eater_s_001271.png,0
/content/drive/MyDrive/Talk Events/AIT/2023/pytorch-image/images-small/frog/frog_s_000107.png,2
/content/drive/MyDrive/Talk Events/AIT/2023/pytorch-image/images-small/bird/bird_s_002410.png,0
/content/drive/MyDrive/Talk Events/AIT/2023/pytorch-image/images-small/bird/nandu_s_001704.png,0
/content/drive/MyDrive/Talk Events/AIT/2023/pytorch-image/images-small/bird/passerine_s_001113.png,0
/content/drive/MyDrive/Talk Events/AIT/2023/pytorch-image/images-small/bird/sparrow_s_000373.png,0
/content/drive/MyDrive/Talk Events/AIT/2023/pytorch-image/images-small/bird/bird_of_passage_s_000761.png,0
/content/drive/MyDrive/Talk Events/AIT/2023/pytorch-image/images-small/frog/bufo_debilis_s_000133.png,2
/content/drive/MyDrive/Talk Events/AIT/2023/pytorch-image/images-small/bird/emu_s_002027.png,0
/content/drive/MyDrive/Talk Events/AIT/2023/pytorch-image/images-small/bird/emu_s_001521.png,0
/content/drive/MyDrive/Talk Events/AIT/2023/pytorch-image/images-small/dog/blenheim_spaniel_s_000555.png,1
/content/drive/MyDrive/Talk Events/AIT/2023/pytorch-image/images-small/bird/passerine_s_002058.png,0
/content/drive/MyDrive/Talk Events/AIT/2023/pytorch-image/images-small/dog/japanese_spaniel_s_000376.png,1
/content/drive/MyDrive/Talk Events/AIT/2023/pytorch-image/images-small/bird/cassowary_s_000599.png,0
/content/drive/MyDrive/Talk Events/AIT/2023/pytorch-image/images-small/frog/leopard_frog_s_000403.png,2
/content/drive/MyDrive/Talk Events/AIT/2023/pytorch-image/images-small/dog/dog_s_000546.png,1
/content/drive/MyDrive/Talk Events/AIT/2023/pytorch-image/images-small/dog/lapdog_s_001960.png,1
/content/drive/MyDrive/Talk Events/AIT/2023/pytorch-image/images-small/dog/maltese_dog_s_000923.png,1
/content/drive/MyDrive/Talk Events/AIT/2023/pytorch-image/images-small/bird/wagtail_s_001421.png,0
/content/drive/MyDrive/Talk Events/AIT/2023/pytorch-image/images-small/dog/canis_familiaris_s_000192.png,1
/content/drive/MyDrive/Talk Events/AIT/2023/pytorch-image/images-small/dog/toy_spaniel_s_000969.png,1
/content/drive/MyDrive/Talk Events/AIT/2023/pytorch-image/images-small/dog/mongrel_s_001783.png,1
/content/drive/MyDrive/Talk Events/AIT/2023/pytorch-image/images-small/frog/bufo_s_000173.png,2
/content/drive/MyDrive/Talk Events/AIT/2023/pytorch-image/images-small/frog/leopard_frog_s_000130.png,2
/content/drive/MyDrive/Talk Events/AIT/2023/pytorch-image/images-small/frog/frog_s_000797.png,2
/content/drive/MyDrive/Talk Events/AIT/2023/pytorch-image/images-small/bird/nandu_s_001880.png,0
/content/drive/MyDrive/Talk Events/AIT/2023/pytorch-image/images-small/dog/maltese_s_000242.png,1
/content/drive/MyDrive/Talk Events/AIT/2023/pytorch-image/images-small/frog/bufo_marinus_s_000706.png,2
/content/drive/MyDrive/Talk Events/AIT/2023/pytorch-image/images-small/bird/wagtail_s_000945.png,0
/content/drive/MyDrive/Talk Events/AIT/2023/pytorch-image/images-small/bird/elephant_bird_s_000683.png,0
/content/drive/MyDrive/Talk Events/AIT/2023/pytorch-image/images-small/dog/chihuahua_s_001294.png,1
/content/drive/MyDrive/Talk Events/AIT/2023/pytorch-image/images-small/dog/puppy_s_000279.png,1
/content/drive/MyDrive/Talk Events/AIT/2023/pytorch-image/images-small/bird/rhea_americana_s_000701.png,0
/content/drive/MyDrive/Talk Events/AIT/2023/pytorch-image/images-small/bird/finch_s_000303.png,0
/content/drive/MyDrive/Talk Events/AIT/2023/pytorch-image/images-small/bird/finch_s_000750.png,0
/content/drive/MyDrive/Talk Events/AIT/2023/pytorch-image/images-small/dog/pekingese_s_002804.png,1
/content/drive/MyDrive/Talk Events/AIT/2023/pytorch-image/images-small/bird/dunnock_s_001176.png,0
/content/drive/MyDrive/Talk Events/AIT/2023/pytorch-image/images-small/bird/accentor_s_001001.png,0
/content/drive/MyDrive/Talk Events/AIT/2023/pytorch-image/images-small/frog/toad_frog_s_000346.png,2
/content/drive/MyDrive/Talk Events/AIT/2023/pytorch-image/images-small/dog/maltese_dog_s_001414.png,1
/content/drive/MyDrive/Talk Events/AIT/2023/pytorch-image/images-small/bird/accentor_s_000795.png,0
/content/drive/MyDrive/Talk Events/AIT/2023/pytorch-image/images-small/frog/bufo_bufo_s_001873.png,2
/content/drive/MyDrive/Talk Events/AIT/2023/pytorch-image/images-small/bird/cassowary_s_000009.png,0
/content/drive/MyDrive/Talk Events/AIT/2023/pytorch-image/images-small/bird/dunnock_s_000574.png,0
/content/drive/MyDrive/Talk Events/AIT/2023/pytorch-image/images-small/frog/alytes_obstetricans_s_000352.png,2
/content/drive/MyDrive/Talk Events/AIT/2023/pytorch-image/images-small/bird/accentor_s_000087.png,0
/content/drive/MyDrive/Talk Events/AIT/2023/pytorch-image/images-small/bird/lark_s_000032.png,0
/content/drive/MyDrive/Talk Events/AIT/2023/pytorch-image/images-small/frog/south_american_bullfrog_s_000004.png,2
/content/drive/MyDrive/Talk Events/AIT/2023/pytorch-image/images-small/bird/accentor_s_001128.png,0
/content/drive/MyDrive/Talk Events/AIT/2023/pytorch-image/images-small/frog/bufo_viridis_s_001222.png,2
/content/drive/MyDrive/Talk Events/AIT/2023/pytorch-image/images-small/bird/honey_eater_s_001427.png,0
/content/drive/MyDrive/Talk Events/AIT/2023/pytorch-image/images-small/bird/bird_s_002428.png,0
/content/drive/MyDrive/Talk Events/AIT/2023/pytorch-image/images-small/bird/emu_s_001889.png,0
/content/drive/MyDrive/Talk Events/AIT/2023/pytorch-image/images-small/bird/nandu_s_000265.png,0
/content/drive/MyDrive/Talk Events/AIT/2023/pytorch-image/images-small/frog/bufo_bufo_s_000142.png,2
/content/drive/MyDrive/Talk Events/AIT/2023/pytorch-image/images-small/bird/pipit_s_000070.png,0
/content/drive/MyDrive/Talk Events/AIT/2023/pytorch-image/images-small/frog/toad_frog_s_000922.png,2
/content/drive/MyDrive/Talk Events/AIT/2023/pytorch-image/images-small/dog/canis_familiaris_s_000850.png,1
/content/drive/MyDrive/Talk Events/AIT/2023/pytorch-image/images-small/bird/dunnock_s_000179.png,0
/content/drive/MyDrive/Talk Events/AIT/2023/pytorch-image/images-small/dog/maltese_dog_s_000787.png,1
/content/drive/MyDrive/Talk Events/AIT/2023/pytorch-image/images-small/bird/kiwi_s_000163.png,0
/content/drive/MyDrive/Talk Events/AIT/2023/pytorch-image/images-small/bird/honey_eater_s_000907.png,0
/content/drive/MyDrive/Talk Events/AIT/2023/pytorch-image/images-small/bird/wagtail_s_001118.png,0
/content/drive/MyDrive/Talk Events/AIT/2023/pytorch-image/images-small/dog/peke_s_000632.png,1
/content/drive/MyDrive/Talk Events/AIT/2023/pytorch-image/images-small/bird/passerine_s_001223.png,0
/content/drive/MyDrive/Talk Events/AIT/2023/pytorch-image/images-small/bird/sparrow_s_001987.png,0
/content/drive/MyDrive/Talk Events/AIT/2023/pytorch-image/images-small/bird/lark_s_001440.png,0
/content/drive/MyDrive/Talk Events/AIT/2023/pytorch-image/images-small/frog/barking_frog_s_001055.png,2
/content/drive/MyDrive/Talk Events/AIT/2023/pytorch-image/images-small/bird/ostrich_s_000773.png,0
/content/drive/MyDrive/Talk Events/AIT/2023/pytorch-image/images-small/dog/lapdog_s_001503.png,1
/content/drive/MyDrive/Talk Events/AIT/2023/pytorch-image/images-small/bird/passerine_s_001527.png,0
/content/drive/MyDrive/Talk Events/AIT/2023/pytorch-image/images-small/bird/hen_s_000052.png,0
/content/drive/MyDrive/Talk Events/AIT/2023/pytorch-image/images-small/dog/english_toy_spaniel_s_000994.png,1
/content/drive/MyDrive/Talk Events/AIT/2023/pytorch-image/images-small/bird/bird_s_000070.png,0
/content/drive/MyDrive/Talk Events/AIT/2023/pytorch-image/images-small/bird/anthus_pratensis_s_000514.png,0
/content/drive/MyDrive/Talk Events/AIT/2023/pytorch-image/images-small/bird/passerine_s_001771.png,0
/content/drive/MyDrive/Talk Events/AIT/2023/pytorch-image/images-small/dog/puppy_s_002062.png,1
/content/drive/MyDrive/Talk Events/AIT/2023/pytorch-image/images-small/dog/toy_dog_s_000211.png,1
/content/drive/MyDrive/Talk Events/AIT/2023/pytorch-image/images-small/bird/pipit_s_000853.png,0
/content/drive/MyDrive/Talk Events/AIT/2023/pytorch-image/images-small/bird/struthio_camelus_s_000486.png,0
/content/drive/MyDrive/Talk Events/AIT/2023/pytorch-image/images-small/frog/rana_catesbeiana_s_000086.png,2
/content/drive/MyDrive/Talk Events/AIT/2023/pytorch-image/images-small/dog/puppy_s_000832.png,1
/content/drive/MyDrive/Talk Events/AIT/2023/pytorch-image/images-small/dog/dog_s_000705.png,1
/content/drive/MyDrive/Talk Events/AIT/2023/pytorch-image/images-small/dog/pekinese_s_000776.png,1
/content/drive/MyDrive/Talk Events/AIT/2023/pytorch-image/images-small/bird/ostrich_s_002171.png,0
/content/drive/MyDrive/Talk Events/AIT/2023/pytorch-image/images-small/frog/alytes_obstetricans_s_000392.png,2
/content/drive/MyDrive/Talk Events/AIT/2023/pytorch-image/images-small/frog/anuran_s_000138.png,2
/content/drive/MyDrive/Talk Events/AIT/2023/pytorch-image/images-small/dog/puppy_s_000654.png,1
/content/drive/MyDrive/Talk Events/AIT/2023/pytorch-image/images-small/dog/puppy_s_001467.png,1
/content/drive/MyDrive/Talk Events/AIT/2023/pytorch-image/images-small/bird/apteryx_s_000824.png,0
/content/drive/MyDrive/Talk Events/AIT/2023/pytorch-image/images-small/bird/passerine_s_000383.png,0
/content/drive/MyDrive/Talk Events/AIT/2023/pytorch-image/images-small/dog/maltese_s_001629.png,1
/content/drive/MyDrive/Talk Events/AIT/2023/pytorch-image/images-small/bird/dunnock_s_000055.png,0
/content/drive/MyDrive/Talk Events/AIT/2023/pytorch-image/images-small/bird/nandu_s_000244.png,0
/content/drive/MyDrive/Talk Events/AIT/2023/pytorch-image/images-small/dog/toy_dog_s_000876.png,1
/content/drive/MyDrive/Talk Events/AIT/2023/pytorch-image/images-small/bird/wagtail_s_000778.png,0
/content/drive/MyDrive/Talk Events/AIT/2023/pytorch-image/images-small/bird/cassowary_s_001684.png,0
/content/drive/MyDrive/Talk Events/AIT/2023/pytorch-image/images-small/frog/rana_catesbeiana_s_001410.png,2
/content/drive/MyDrive/Talk Events/AIT/2023/pytorch-image/images-small/bird/emu_s_001891.png,0
/content/drive/MyDrive/Talk Events/AIT/2023/pytorch-image/images-small/bird/passerine_s_000170.png,0
/content/drive/MyDrive/Talk Events/AIT/2023/pytorch-image/images-small/bird/bird_s_001796.png,0
/content/drive/MyDrive/Talk Events/AIT/2023/pytorch-image/images-small/dog/maltese_s_000167.png,1
/content/drive/MyDrive/Talk Events/AIT/2023/pytorch-image/images-small/bird/passerine_s_001305.png,0
/content/drive/MyDrive/Talk Events/AIT/2023/pytorch-image/images-small/dog/mongrel_s_000333.png,1
/content/drive/MyDrive/Talk Events/AIT/2023/pytorch-image/images-small/bird/flying_bird_s_001425.png,0
/content/drive/MyDrive/Talk Events/AIT/2023/pytorch-image/images-small/bird/dunnock_s_000063.png,0
/content/drive/MyDrive/Talk Events/AIT/2023/pytorch-image/images-small/bird/wagtail_s_000510.png,0
/content/drive/MyDrive/Talk Events/AIT/2023/pytorch-image/images-small/bird/apteryx_s_000132.png,0
/content/drive/MyDrive/Talk Events/AIT/2023/pytorch-image/images-small/dog/puppy_s_000431.png,1
/content/drive/MyDrive/Talk Events/AIT/2023/pytorch-image/images-small/bird/cassowary_s_000028.png,0
/content/drive/MyDrive/Talk Events/AIT/2023/pytorch-image/images-small/bird/ostrich_s_000098.png,0
/content/drive/MyDrive/Talk Events/AIT/2023/pytorch-image/images-small/dog/toy_dog_s_001904.png,1
/content/drive/MyDrive/Talk Events/AIT/2023/pytorch-image/images-small/frog/frog_s_000807.png,2
/content/drive/MyDrive/Talk Events/AIT/2023/pytorch-image/images-small/bird/cassowary_s_000903.png,0
/content/drive/MyDrive/Talk Events/AIT/2023/pytorch-image/images-small/dog/pekinese_s_001337.png,1
/content/drive/MyDrive/Talk Events/AIT/2023/pytorch-image/images-small/bird/wagtail_s_000934.png,0
/content/drive/MyDrive/Talk Events/AIT/2023/pytorch-image/images-small/bird/nandu_s_000986.png,0
/content/drive/MyDrive/Talk Events/AIT/2023/pytorch-image/images-small/bird/passerine_s_001764.png,0
/content/drive/MyDrive/Talk Events/AIT/2023/pytorch-image/images-small/bird/ostrich_s_001663.png,0
/content/drive/MyDrive/Talk Events/AIT/2023/pytorch-image/images-small/bird/pipit_s_000162.png,0
/content/drive/MyDrive/Talk Events/AIT/2023/pytorch-image/images-small/bird/struthio_camelus_s_000948.png,0
/content/drive/MyDrive/Talk Events/AIT/2023/pytorch-image/images-small/bird/emu_s_000127.png,0
/content/drive/MyDrive/Talk Events/AIT/2023/pytorch-image/images-small/bird/lark_s_000872.png,0
/content/drive/MyDrive/Talk Events/AIT/2023/pytorch-image/images-small/bird/cassowary_s_001863.png,0
/content/drive/MyDrive/Talk Events/AIT/2023/pytorch-image/images-small/dog/dog_s_000646.png,1
/content/drive/MyDrive/Talk Events/AIT/2023/pytorch-image/images-small/bird/passerine_s_001520.png,0
/content/drive/MyDrive/Talk Events/AIT/2023/pytorch-image/images-small/bird/accentor_s_000664.png,0
/content/drive/MyDrive/Talk Events/AIT/2023/pytorch-image/images-small/dog/puppy_s_001648.png,1
/content/drive/MyDrive/Talk Events/AIT/2023/pytorch-image/images-small/frog/bufo_bufo_s_000670.png,2
/content/drive/MyDrive/Talk Events/AIT/2023/pytorch-image/images-small/bird/bird_s_001734.png,0
/content/drive/MyDrive/Talk Events/AIT/2023/pytorch-image/images-small/dog/domestic_dog_s_001318.png,1
/content/drive/MyDrive/Talk Events/AIT/2023/pytorch-image/images-small/frog/rana_catesbeiana_s_000833.png,2
/content/drive/MyDrive/Talk Events/AIT/2023/pytorch-image/images-small/bird/emu_s_000015.png,0
/content/drive/MyDrive/Talk Events/AIT/2023/pytorch-image/images-small/bird/lark_s_000886.png,0
/content/drive/MyDrive/Talk Events/AIT/2023/pytorch-image/images-small/bird/cassowary_s_001061.png,0
/content/drive/MyDrive/Talk Events/AIT/2023/pytorch-image/images-small/dog/maltese_s_000035.png,1
/content/drive/MyDrive/Talk Events/AIT/2023/pytorch-image/images-small/dog/puppy_s_002144.png,1
/content/drive/MyDrive/Talk Events/AIT/2023/pytorch-image/images-small/bird/flying_bird_s_000585.png,0
/content/drive/MyDrive/Talk Events/AIT/2023/pytorch-image/images-small/dog/lapdog_s_001820.png,1
/content/drive/MyDrive/Talk Events/AIT/2023/pytorch-image/images-small/dog/pekingese_s_001274.png,1
/content/drive/MyDrive/Talk Events/AIT/2023/pytorch-image/images-small/bird/wagtail_s_001244.png,0
/content/drive/MyDrive/Talk Events/AIT/2023/pytorch-image/images-small/bird/wagtail_s_001316.png,0
/content/drive/MyDrive/Talk Events/AIT/2023/pytorch-image/images-small/frog/bullfrog_s_002031.png,2
/content/drive/MyDrive/Talk Events/AIT/2023/pytorch-image/images-small/bird/alauda_arvensis_s_000234.png,0
/content/drive/MyDrive/Talk Events/AIT/2023/pytorch-image/images-small/frog/grass_frog_s_000514.png,2
/content/drive/MyDrive/Talk Events/AIT/2023/pytorch-image/images-small/dog/chihuahua_s_000368.png,1
/content/drive/MyDrive/Talk Events/AIT/2023/pytorch-image/images-small/dog/maltese_s_000567.png,1
/content/drive/MyDrive/Talk Events/AIT/2023/pytorch-image/images-small/bird/bird_s_001151.png,0
/content/drive/MyDrive/Talk Events/AIT/2023/pytorch-image/images-small/bird/bird_s_001914.png,0
/content/drive/MyDrive/Talk Events/AIT/2023/pytorch-image/images-small/frog/bufo_bufo_s_001153.png,2
/content/drive/MyDrive/Talk Events/AIT/2023/pytorch-image/images-small/bird/emu_s_000625.png,0
/content/drive/MyDrive/Talk Events/AIT/2023/pytorch-image/images-small/dog/lapdog_s_001863.png,1
/content/drive/MyDrive/Talk Events/AIT/2023/pytorch-image/images-small/dog/maltese_s_001972.png,1
/content/drive/MyDrive/Talk Events/AIT/2023/pytorch-image/images-small/dog/domestic_dog_s_001291.png,1
/content/drive/MyDrive/Talk Events/AIT/2023/pytorch-image/images-small/dog/pekinese_s_000424.png,1
/content/drive/MyDrive/Talk Events/AIT/2023/pytorch-image/images-small/bird/dunnock_s_001554.png,0
/content/drive/MyDrive/Talk Events/AIT/2023/pytorch-image/images-small/bird/emu_novaehollandiae_s_000859.png,0
/content/drive/MyDrive/Talk Events/AIT/2023/pytorch-image/images-small/dog/dog_s_000650.png,1
/content/drive/MyDrive/Talk Events/AIT/2023/pytorch-image/images-small/bird/ostrich_s_002290.png,0
/content/drive/MyDrive/Talk Events/AIT/2023/pytorch-image/images-small/bird/flying_bird_s_001209.png,0
/content/drive/MyDrive/Talk Events/AIT/2023/pytorch-image/images-small/dog/maltese_s_000408.png,1
/content/drive/MyDrive/Talk Events/AIT/2023/pytorch-image/images-small/bird/meadow_pipit_s_001455.png,0
/content/drive/MyDrive/Talk Events/AIT/2023/pytorch-image/images-small/frog/toad_s_000011.png,2
/content/drive/MyDrive/Talk Events/AIT/2023/pytorch-image/images-small/frog/bufo_americanus_s_001113.png,2
/content/drive/MyDrive/Talk Events/AIT/2023/pytorch-image/images-small/bird/accentor_s_000202.png,0
/content/drive/MyDrive/Talk Events/AIT/2023/pytorch-image/images-small/dog/pekinese_s_000070.png,1
/content/drive/MyDrive/Talk Events/AIT/2023/pytorch-image/images-small/dog/chihuahua_s_000007.png,1
/content/drive/MyDrive/Talk Events/AIT/2023/pytorch-image/images-small/bird/wagtail_s_001853.png,0
/content/drive/MyDrive/Talk Events/AIT/2023/pytorch-image/images-small/dog/pekingese_s_000469.png,1
/content/drive/MyDrive/Talk Events/AIT/2023/pytorch-image/images-small/bird/bird_s_001113.png,0
/content/drive/MyDrive/Talk Events/AIT/2023/pytorch-image/images-small/bird/finch_s_000292.png,0
/content/drive/MyDrive/Talk Events/AIT/2023/pytorch-image/images-small/dog/toy_spaniel_s_000785.png,1
/content/drive/MyDrive/Talk Events/AIT/2023/pytorch-image/images-small/bird/bird_s_001724.png,0
/content/drive/MyDrive/Talk Events/AIT/2023/pytorch-image/images-small/bird/dromaius_novaehollandiae_s_000049.png,0
/content/drive/MyDrive/Talk Events/AIT/2023/pytorch-image/images-small/dog/puppy_s_000614.png,1
/content/drive/MyDrive/Talk Events/AIT/2023/pytorch-image/images-small/bird/accentor_s_000114.png,0
/content/drive/MyDrive/Talk Events/AIT/2023/pytorch-image/images-small/frog/bufo_boreas_s_000121.png,2
/content/drive/MyDrive/Talk Events/AIT/2023/pytorch-image/images-small/bird/ostrich_s_001135.png,0
/content/drive/MyDrive/Talk Events/AIT/2023/pytorch-image/images-small/dog/chihuahua_s_002193.png,1
/content/drive/MyDrive/Talk Events/AIT/2023/pytorch-image/images-small/frog/western_toad_s_000188.png,2
/content/drive/MyDrive/Talk Events/AIT/2023/pytorch-image/images-small/dog/pekingese_s_002792.png,1
/content/drive/MyDrive/Talk Events/AIT/2023/pytorch-image/images-small/dog/maltese_s_000700.png,1
/content/drive/MyDrive/Talk Events/AIT/2023/pytorch-image/images-small/dog/pekingese_s_002220.png,1
/content/drive/MyDrive/Talk Events/AIT/2023/pytorch-image/images-small/frog/bufo_marinus_s_000695.png,2
/content/drive/MyDrive/Talk Events/AIT/2023/pytorch-image/images-small/bird/anthus_pratensis_s_001222.png,0
/content/drive/MyDrive/Talk Events/AIT/2023/pytorch-image/images-small/bird/honey_eater_s_001325.png,0
/content/drive/MyDrive/Talk Events/AIT/2023/pytorch-image/images-small/frog/frog_s_002229.png,2
/content/drive/MyDrive/Talk Events/AIT/2023/pytorch-image/images-small/bird/ostrich_s_001319.png,0
/content/drive/MyDrive/Talk Events/AIT/2023/pytorch-image/images-small/bird/cock_s_000348.png,0
/content/drive/MyDrive/Talk Events/AIT/2023/pytorch-image/images-small/frog/bufo_viridis_s_000789.png,2
/content/drive/MyDrive/Talk Events/AIT/2023/pytorch-image/images-small/bird/emu_s_000743.png,0
/content/drive/MyDrive/Talk Events/AIT/2023/pytorch-image/images-small/dog/pekinese_s_000766.png,1
/content/drive/MyDrive/Talk Events/AIT/2023/pytorch-image/images-small/bird/cassowary_s_001666.png,0
/content/drive/MyDrive/Talk Events/AIT/2023/pytorch-image/images-small/bird/prunella_modularis_s_000858.png,0
/content/drive/MyDrive/Talk Events/AIT/2023/pytorch-image/images-small/dog/chihuahua_s_000329.png,1
/content/drive/MyDrive/Talk Events/AIT/2023/pytorch-image/images-small/frog/rana_clamitans_s_000595.png,2
/content/drive/MyDrive/Talk Events/AIT/2023/pytorch-image/images-small/bird/bird_s_000274.png,0
/content/drive/MyDrive/Talk Events/AIT/2023/pytorch-image/images-small/bird/wagtail_s_000303.png,0
/content/drive/MyDrive/Talk Events/AIT/2023/pytorch-image/images-small/bird/struthio_camelus_s_001684.png,0
/content/drive/MyDrive/Talk Events/AIT/2023/pytorch-image/images-small/dog/chihuahua_s_001444.png,1
/content/drive/MyDrive/Talk Events/AIT/2023/pytorch-image/images-small/frog/toad_s_002431.png,2
/content/drive/MyDrive/Talk Events/AIT/2023/pytorch-image/images-small/bird/meadow_pipit_s_000746.png,0
/content/drive/MyDrive/Talk Events/AIT/2023/pytorch-image/images-small/bird/cassowary_s_000491.png,0
/content/drive/MyDrive/Talk Events/AIT/2023/pytorch-image/images-small/bird/lark_s_001532.png,0
/content/drive/MyDrive/Talk Events/AIT/2023/pytorch-image/images-small/dog/pekingese_s_001724.png,1
/content/drive/MyDrive/Talk Events/AIT/2023/pytorch-image/images-small/bird/bird_of_passage_s_000119.png,0
/content/drive/MyDrive/Talk Events/AIT/2023/pytorch-image/images-small/bird/prunella_modularis_s_000893.png,0
/content/drive/MyDrive/Talk Events/AIT/2023/pytorch-image/images-small/bird/wagtail_s_000881.png,0
/content/drive/MyDrive/Talk Events/AIT/2023/pytorch-image/images-small/frog/bufo_bufo_s_001304.png,2
/content/drive/MyDrive/Talk Events/AIT/2023/pytorch-image/images-small/bird/cock_s_000504.png,0
/content/drive/MyDrive/Talk Events/AIT/2023/pytorch-image/images-small/bird/honey_eater_s_001591.png,0
/content/drive/MyDrive/Talk Events/AIT/2023/pytorch-image/images-small/bird/dunnock_s_001022.png,0
/content/drive/MyDrive/Talk Events/AIT/2023/pytorch-image/images-small/bird/cassowary_s_001141.png,0
/content/drive/MyDrive/Talk Events/AIT/2023/pytorch-image/images-small/frog/rana_clamitans_s_000142.png,2
/content/drive/MyDrive/Talk Events/AIT/2023/pytorch-image/images-small/dog/feist_s_000494.png,1
/content/drive/MyDrive/Talk Events/AIT/2023/pytorch-image/images-small/dog/maltese_dog_s_001207.png,1
/content/drive/MyDrive/Talk Events/AIT/2023/pytorch-image/images-small/frog/texas_toad_s_000268.png,2
/content/drive/MyDrive/Talk Events/AIT/2023/pytorch-image/images-small/bird/pipit_s_000054.png,0
/content/drive/MyDrive/Talk Events/AIT/2023/pytorch-image/images-small/bird/hedge_sparrow_s_000256.png,0
/content/drive/MyDrive/Talk Events/AIT/2023/pytorch-image/images-small/dog/maltese_s_002141.png,1
/content/drive/MyDrive/Talk Events/AIT/2023/pytorch-image/images-small/bird/finch_s_000329.png,0
/content/drive/MyDrive/Talk Events/AIT/2023/pytorch-image/images-small/frog/pickerel_frog_s_000856.png,2
/content/drive/MyDrive/Talk Events/AIT/2023/pytorch-image/images-small/dog/maltese_s_001730.png,1
/content/drive/MyDrive/Talk Events/AIT/2023/pytorch-image/images-small/dog/chihuahua_s_000042.png,1
/content/drive/MyDrive/Talk Events/AIT/2023/pytorch-image/images-small/dog/dog_s_002108.png,1
/content/drive/MyDrive/Talk Events/AIT/2023/pytorch-image/images-small/dog/toy_spaniel_s_001532.png,1
/content/drive/MyDrive/Talk Events/AIT/2023/pytorch-image/images-small/bird/ratite_s_000324.png,0
/content/drive/MyDrive/Talk Events/AIT/2023/pytorch-image/images-small/dog/king_charles_spaniel_s_000043.png,1
/content/drive/MyDrive/Talk Events/AIT/2023/pytorch-image/images-small/dog/mutt_s_001483.png,1
/content/drive/MyDrive/Talk Events/AIT/2023/pytorch-image/images-small/dog/maltese_s_000714.png,1
/content/drive/MyDrive/Talk Events/AIT/2023/pytorch-image/images-small/bird/emu_s_002009.png,0
/content/drive/MyDrive/Talk Events/AIT/2023/pytorch-image/images-small/bird/cassowary_s_000720.png,0
/content/drive/MyDrive/Talk Events/AIT/2023/pytorch-image/images-small/dog/pekingese_s_002724.png,1
/content/drive/MyDrive/Talk Events/AIT/2023/pytorch-image/images-small/bird/ratite_bird_s_000024.png,0
/content/drive/MyDrive/Talk Events/AIT/2023/pytorch-image/images-small/frog/rana_catesbeiana_s_000729.png,2
/content/drive/MyDrive/Talk Events/AIT/2023/pytorch-image/images-small/dog/peke_s_001244.png,1
/content/drive/MyDrive/Talk Events/AIT/2023/pytorch-image/images-small/dog/pekingese_s_001077.png,1
/content/drive/MyDrive/Talk Events/AIT/2023/pytorch-image/images-small/bird/nandu_s_000499.png,0
/content/drive/MyDrive/Talk Events/AIT/2023/pytorch-image/images-small/bird/bird_s_000073.png,0
/content/drive/MyDrive/Talk Events/AIT/2023/pytorch-image/images-small/bird/hedge_sparrow_s_000182.png,0
/content/drive/MyDrive/Talk Events/AIT/2023/pytorch-image/images-small/bird/cassowary_s_001804.png,0
/content/drive/MyDrive/Talk Events/AIT/2023/pytorch-image/images-small/bird/pipit_s_000712.png,0
/content/drive/MyDrive/Talk Events/AIT/2023/pytorch-image/images-small/frog/rana_catesbeiana_s_001423.png,2
/content/drive/MyDrive/Talk Events/AIT/2023/pytorch-image/images-small/bird/honey_eater_s_001172.png,0
/content/drive/MyDrive/Talk Events/AIT/2023/pytorch-image/images-small/dog/chihuahua_s_000270.png,1
/content/drive/MyDrive/Talk Events/AIT/2023/pytorch-image/images-small/dog/pekingese_s_001881.png,1
/content/drive/MyDrive/Talk Events/AIT/2023/pytorch-image/images-small/dog/peke_s_000383.png,1
/content/drive/MyDrive/Talk Events/AIT/2023/pytorch-image/images-small/frog/leopard_frog_s_001057.png,2
/content/drive/MyDrive/Talk Events/AIT/2023/pytorch-image/images-small/bird/accentor_s_000065.png,0
/content/drive/MyDrive/Talk Events/AIT/2023/pytorch-image/images-small/frog/crapaud_s_000259.png,2
/content/drive/MyDrive/Talk Events/AIT/2023/pytorch-image/images-small/bird/alauda_arvensis_s_000553.png,0
/content/drive/MyDrive/Talk Events/AIT/2023/pytorch-image/images-small/frog/bufo_marinus_s_000761.png,2
/content/drive/MyDrive/Talk Events/AIT/2023/pytorch-image/images-small/bird/wagtail_s_001525.png,0
/content/drive/MyDrive/Talk Events/AIT/2023/pytorch-image/images-small/frog/bufo_marinus_s_000352.png,2
/content/drive/MyDrive/Talk Events/AIT/2023/pytorch-image/images-small/dog/pekingese_s_002619.png,1
/content/drive/MyDrive/Talk Events/AIT/2023/pytorch-image/images-small/bird/wagtail_s_001378.png,0
/content/drive/MyDrive/Talk Events/AIT/2023/pytorch-image/images-small/dog/pekingese_s_000129.png,1
/content/drive/MyDrive/Talk Events/AIT/2023/pytorch-image/images-small/bird/ostrich_s_001562.png,0
/content/drive/MyDrive/Talk Events/AIT/2023/pytorch-image/images-small/frog/bufo_marinus_s_000892.png,2
/content/drive/MyDrive/Talk Events/AIT/2023/pytorch-image/images-small/frog/american_toad_s_001747.png,2
/content/drive/MyDrive/Talk Events/AIT/2023/pytorch-image/images-small/bird/bird_of_passage_s_000800.png,0
/content/drive/MyDrive/Talk Events/AIT/2023/pytorch-image/images-small/dog/dog_s_000264.png,1
/content/drive/MyDrive/Talk Events/AIT/2023/pytorch-image/images-small/dog/maltese_s_000369.png,1
/content/drive/MyDrive/Talk Events/AIT/2023/pytorch-image/images-small/frog/bufo_s_001427.png,2
/content/drive/MyDrive/Talk Events/AIT/2023/pytorch-image/images-small/frog/american_toad_s_000932.png,2
/content/drive/MyDrive/Talk Events/AIT/2023/pytorch-image/images-small/dog/chihuahua_s_001991.png,1
/content/drive/MyDrive/Talk Events/AIT/2023/pytorch-image/images-small/dog/pekinese_s_002096.png,1
/content/drive/MyDrive/Talk Events/AIT/2023/pytorch-image/images-small/bird/nandu_s_000011.png,0
/content/drive/MyDrive/Talk Events/AIT/2023/pytorch-image/images-small/frog/bullfrog_s_001680.png,2
/content/drive/MyDrive/Talk Events/AIT/2023/pytorch-image/images-small/bird/nandu_s_000764.png,0
/content/drive/MyDrive/Talk Events/AIT/2023/pytorch-image/images-small/dog/pekingese_s_000012.png,1
/content/drive/MyDrive/Talk Events/AIT/2023/pytorch-image/images-small/dog/maltese_dog_s_001331.png,1
/content/drive/MyDrive/Talk Events/AIT/2023/pytorch-image/images-small/bird/flying_bird_s_000115.png,0
/content/drive/MyDrive/Talk Events/AIT/2023/pytorch-image/images-small/frog/bufo_bufo_s_001555.png,2
/content/drive/MyDrive/Talk Events/AIT/2023/pytorch-image/images-small/dog/japanese_spaniel_s_000393.png,1
/content/drive/MyDrive/Talk Events/AIT/2023/pytorch-image/images-small/bird/passerine_s_001338.png,0
/content/drive/MyDrive/Talk Events/AIT/2023/pytorch-image/images-small/frog/rana_catesbeiana_s_000872.png,2
/content/drive/MyDrive/Talk Events/AIT/2023/pytorch-image/images-small/frog/bufo_marinus_s_000514.png,2
/content/drive/MyDrive/Talk Events/AIT/2023/pytorch-image/images-small/bird/accentor_s_000472.png,0
/content/drive/MyDrive/Talk Events/AIT/2023/pytorch-image/images-small/bird/honey_eater_s_000206.png,0
/content/drive/MyDrive/Talk Events/AIT/2023/pytorch-image/images-small/bird/honey_eater_s_000026.png,0
/content/drive/MyDrive/Talk Events/AIT/2023/pytorch-image/images-small/bird/meadow_pipit_s_000603.png,0
/content/drive/MyDrive/Talk Events/AIT/2023/pytorch-image/images-small/bird/ostrich_s_001827.png,0
/content/drive/MyDrive/Talk Events/AIT/2023/pytorch-image/images-small/bird/wagtail_s_001654.png,0
/content/drive/MyDrive/Talk Events/AIT/2023/pytorch-image/images-small/dog/dog_s_000167.png,1
/content/drive/MyDrive/Talk Events/AIT/2023/pytorch-image/images-small/bird/cassowary_s_000297.png,0
